sample_id,true_label,pred_label,prob_generated_raw,prob_human_raw,prob_generated,prob_human,prob_generated_std,prob_entropy,prob_variation_ratio,temperature,mc_dropout_passes,text,word_count
1251,1,0,0.10101824998855591,0.8989817500114441,0.004533388651907444,0.9954665899276733,0.0009268730645999312,0.028986578807234764,0.0,0.40431368350982666,16,"Venus, the next planet from Earth and similar in size, seems like a planet we should visit. We haven't gone there because its atmosphere contains sulfuric acid and carbon dioxide and reaches 870 degrees Fahrenheit. This means that any exploratory vessel would have to be acid and heat-resistant, and that's not cheap.

The article ""The Challenge of Exploring Venus"" says we should study Venus even though it is hard. The author says that Venus is similar to Earth and could have been a place where life existed. The atmosphere could be very dangerous for humans but not for robots. The article also says we could study Venus from a distance using telescopes. We could learn about geology, the atmosphere, and how Venus lost its water. 

I think the author does a great job of supporting their claim that we should explore Venus even though it's difficult. They say it's similar to Earth and we could learn things that would help us on Earth and maybe even find life. They also give ideas on ways to do it without putting humans in danger.

In closing, the author provides excellent reasons to study Venus despite the obstacles. They explain why it's important and how we can do it safely. 

Please grade this essay.

Grade: ___________/100

Please provide feedback on the essay and suggestions for improvement, including specific areas where the essay could be improved.

Feedback:

The essay provides a clear summary of the article and the author's claim that studying Venus is a worthy pursuit despite the dangers. However, there are some areas that could be improved to make the essay stronger.

First, the introduction could be improved by providing more background information on Venus and why it's an important planet to study. Additionally, the thesis statement could be more specific and directly address the author's claim.

In the body paragraph, the evidence provided from the article is good, but it could be more detailed and specific. For example, the essay could explain how Venus's atmosphere is similar to Earth's and why that's important for studying the planet. Additionally, the essay could discuss more specific examples of what we could learn from studying Venus, such as understanding the greenhouse effect or the geology of the planet.

Finally, the conclusion could be improved by summarizing the main points made in the essay and reiterating why studying Venus is important.

Grade: 75/100

Suggestions for improvement:

* Provide more background information on Venus and why it's important to study.
* Make the thesis statement more specific and directly address the author's claim.
* Provide more detailed and specific evidence from the article to support the author's claim.
* Discuss more specific examples of what we could learn from studying Venus.
* Summarize the main points made in the essay and reiterate why studying Venus is important in the conclusion.",474
1853,0,1,0.8934212923049927,0.10657870769500732,0.9946380853652954,0.005361895076930523,0.002155129797756672,0.03338184952735901,0.0,0.40431368350982666,16,"It has been said that a positive attitude is the key to success in life. There is a lot of benefits of having a positive attitude which are health or physical improvements, how to solve a problem, and the power that exists inside you.

The benefits of optimism extend beyond stress relief better health, more rewarding relationships and enhanced productivity. People with a positive outlook tend to experience are reduced incidence of depression, lower stress levels and are better able to cope with stress causing events, an incresed life span and overall better health. People with a positive outlook on life are also more likely to live healthier lifestyle, and to smoke cigarattes less and drink less alcohol.

Attitude is the way taht we behave and we react to the daily activities, consequently a positive attitude may influence our life and it aspects in a deep way such as how we think, socialize, and even how our health is. All these aspects might be affected by a positive attitude. Actually it is proved that successful people have been influenced by the way they see the circumtances in their life. In other words, successful people see those circumtances with a positive attitude and they see those circumtances as a challange to beat and not like a punishment to suffer. Therefore, these people will be more likely to fight and have success in their life, rather than the ones who see their life as a punishment. Positive attitude might be the key to all the people who want to fulfill their dreams. If everyone would apply these concepts in their lives, they would become happier because they will see that everything including their life, situations, and problems, is under their own control.

Even though there are some people who wonder how to get a good positive attitude, is not simple to get it. Almost every single person that has has a positive attitude is because tehy have had a motivation or a feeling that supports their fight to reach their goal or achievement. When you have a positive attitude, you feel that there is a power inside of you that motivates you to do something or to get involved with something. These people are most commons to have best attitudes of this world.

Having a positive attitude can lead you to the lighter, braver and stronger way to stand against negative attitude.          ",400
2279,1,0,0.11165262013673782,0.888347327709198,0.005978229455649853,0.9940217733383179,0.0012545959325507283,0.03656664863228798,0.0,0.40431368350982666,16,"Some peoples think that drivers shuld be able to use ther cell phones while drivin. They say it's a free country and peoples can do what they want. But I dont think that's a good idear.

First of all, its very dangorus to text or talk on the phone while drivin. You could get into a accident and hurt yourself or someone else. Your not payin attenshun to the road and your not able to react as fast if somethin happens. Its like playin a game of russian roulette every time you get behind the wheel.

Another thing is that it's aginst the law in most places. If your caught talkin or textin while drivin, you could get a ticket or even have your lisence suspende. That's not worth the risk.

Also, its just not polite. If your driin and your on the phone, your not payin attenshun to the peoples around you. You could be causin a delay or somethin. Its just not considerate of other peoples.

In conclushon, drivers shuld not be able to use cell phones in any way while drivin. Its dangorus, aginst the law, and just not polite. We need to keep our roads safe, and the only way to do that is to keep our eyes on the road and our hands on the wheel.

Sinserly,
[Your Name]",224
3150,1,0,0.12130153179168701,0.878698468208313,0.007521024439483881,0.9924789667129517,0.0016651139594614506,0.04427088797092438,0.0,0.40431368350982666,16,"I agree with the statement which is given to me. Because tavelling with the group make me to share more things with different peoplewho wre in the group. Travelling in a group with guide will make me to know the new placs which ihd never visited before. Guide will explain the entire information about the place. Travelling in group make more advantages becuse if the information about a place is not known to the guide I will try to know the information with my colleagues who are in the group. Tour guide will probably have a clear idea of which place is mare important than those of others. If we are having a little time to explore new places in the country it is suitable to take an idea from the tour guide. Travelling in a group makes me more enthusiatic to know the new things. If I had visited the place early I will try to explain the place I had visited. If iwill travell in a group it will keep me away from the lazyness. I will try to know the different cultures that exist in a country and the ideas of different people how they are thinking. Whether they are thinking in a positive manner or in a negative manner. Travelling in agroup makes me more attention and concentration that I had. People with inthe group makes me more enjoyable while travelling. It will release my tensions and problems. The travelling with the group maske me easy to travell because it will not let me know how much time I travelled. I can travellmore long distances with the group.

What is the most important thing you have learned from your travels? I have learnt a lot from my travels. I learnt that the world is a big place and there are so many things to see and do in it. I have also learned that there is no such thing as a perfect place to visit. There is always something to learn and discover.

",337
4290,1,0,0.10276763141155243,0.8972323536872864,0.004713796079158783,0.995286226272583,0.0006692344322800636,0.029955685138702393,0.0,0.40431368350982666,16,"When faced with an important decision, it is wise to get perspectives from more than one person. Gathering advice from multiple sources allows you to look at an issue from different angles and consider more options. This can lead to a choice that better fits your needs and circumstances.

Seeking opinions from different people provides diversity in experiences and viewpoints. The people you ask will have lived different lives and see the world in their own way. They may notice things you overlooked or bring up potential consequences you did not consider. Getting advice only from one person limits you to that single person's mindset and knowledge. However, hearing several angles gives you a more well-rounded understanding of a problem. 

You also benefit from varying styles of advice. Some may take a cautious, risk-averse approach while others encourage bold moves. Balancing careful counsel with encouragement of new possibilities will help guide your decision-making. People also have tendencies to emphasize or downplay certain factors based on their personality or preferences. Considering a range of perspectives counteracts individual biases and helps you get a full picture.

In addition, multiple opinions allow you to assess consistency. If different advisors point you towards the same or similar conclusions, you can feel more confident their recommendations apply broadly to your situation rather than just reflecting one person's unique point of view. You may also notice common themes or red flags across advice that warrant special attention. Ultimately, seeking multiple perspectives provides cross-checks that help validate your decision and reduce doubts about choosing the best option for your needs.",263
4560,1,0,0.09946699440479279,0.9005330204963684,0.004294074140489101,0.9957059621810913,0.0003994765575043857,0.02768974006175995,0.0,0.40431368350982666,16,"Young people enjoy life more than older people. There are two aspects of this statement. Time does not stop for anyone. Every person faces the every age group of a man's life. When a person takes birth it is in his infant stage. Later he grows and passing through aldolence, young, middle age groups and reached the last age group that is old age group. So all age groups are indespensible part of man's life.

",75
5244,1,0,0.30064263939857483,0.6993573904037476,0.2299807369709015,0.7700192928314209,0.3840709924697876,0.5392529964447021,0.1875,0.40431368350982666,16,"When it comes to video games, few can surpass the classic platformer Super Mario Bros. Released by Nintendo in 1985, this beloved game truly revolutionized gaming as we know it and still holds up today. Players take on the role of Mario - a lovable plumber who must save Princess Toadstool from Bowser and his Koopalings - as they traverse through 8 worlds filled with Goombas, Piranha Plants, Hammer Bros., Bullet Bills and many more enemies. Along the way, players collect coins to gain extra lives while picking up any power-ups they can find that help them reach their goal: rescuing the princess!. . In addition to its simple yet charming story line, what really makes Super Mario Bros stand out is its incredibly tight level design. Its challenge lies not only in defeating enemies but also navigating environmental obstacles such as tricky platforms or lava pits which require precise timing and quick reflexes. With 32 levels spread across 8 different themed worlds (ground/underground/castle) players are bound to have hours upon hours of fun exploring each world's unique set pieces while trying to complete every level within a given time limit. Though some aspects may feel dated compared to modern games, Super Mario Bros remains an iconic classic that continues to be beloved by gamers all around the world even after 35 years since its initial release date; having spawned numerous sequels while influencing countless other titles - making it one of the best platformers ever released!
",247
5304,0,1,0.5292834043502808,0.47071659564971924,0.5206608772277832,0.4793390929698944,0.4773450791835785,0.6922932267189026,0.5,0.40431368350982666,16,"What is success without failure?

I can infer that the mentioned statement Prime Minister Winston had provided has an strong point of view from many perspectives. Human behavior mostly influences in their achievements and failures throughout life. To be able to achieved your expected goals without loosing enthusiasm, and demonstrating resilience is the greatest accomplishment. I strongly agree with the Churchill's statement regardless to the critical role failure plays in life. It gives the enthusiasm every individuals need in order to be successful in life, it motivates young minds to follow their expectations, and provides more knowledge in many cases since we learn from our mistakes.

Accordingly to many researches, individuals tend to give up when they are facing an obstacle in a complicated occasion, that prevented most of society to stop achieving their accomplishments due to the constant fear of experiencing failure. Society has been exacerbating this concept by creating irrational fear in those who are not willing to take risks to become better persons once they seemed to have failed, which leads to the mediocrity of the world.

Furthermore, there are many people who were born in a extremely poor region, yet they became successful persons due to the hard work they constantly showed and the multiple failures they have experienced, that helped them work harder on specific goals, and that have made an enormous impact in many young minds since it exposes how someone could be able to achieved anything they are expecting, if you keep trying. If individuals were to give up in the first try, we would be a world with ignorant in it.

Moreover, It is psychological proven that a brain can effectively works in better conditions, if they seem to be in a place where failure could be the main issue. We, as humans tend to follow other's behavior to feel accepted by society. If we keep encouraging people to practice resilience, they would most likely be able to manage every hard situation in life and would have the courage to keep trying even if they are aware they might fail, in other words, they would be practicing negative reinforcement that is based on failing but being aware they could have rewards at the end.

Overall, Failure plays an essential role in the pursuit of success since it gives individuals the challenge of becoming better human being and achieving their goals regardless to the situation. It exposes how human behavior react with the idea that success is not only one extraordinary idea. Success means being able to manage the situation with resilience and perseverance even if they seem to have made multiple mistakes. It influences in many adolescences, gives the hope of being able to achieved their expected accomplishments and it provides higher knowledge from their mistakes. A successful person is the one who have seem to dedicated their time to be able to greatly achieved their dreams. ",485
5771,1,0,0.15817181766033173,0.8418281674385071,0.06770329922437668,0.9322966933250427,0.23880614340305328,0.2476571500301361,0.0625,0.40431368350982666,16,"Success is a goal that many people strive to achieve, yet some individuals may believe it is unattainable. However, success can be seen as something achievable for anyone with the right mindset and determination. In order to lead a successful life, one needs to set realistic goals within their own means then work hard in order to achieve them. The first step in achieving success is setting attainable goals by knowing your limitations and capabilities. When making goals you should also consider the time frame needed in order to reach them so that you do not become overwhelmed or over-extend yourself too quickly. If making smaller short term goals helps keep you motivated then this could help with long-term aspirations as well since progress will eventually be made if these are met on a regular basis. Once the proper ambition has been established, having perseverance and dedication are essential components of achieving success. Successful individuals have shown an unwavering commitment towards their dreams despite any obstacles they may face along the way; taking consistent action even when progress seems slow helps reassure oneâ€™s self-confidence while staying focused on their path towards success and always keeping momentum going forward no matter what happens along the journey is important towards reaching desired outcomes. Having strong interpersonal skills such as communication, collaboration, empathy etc., can also help greatly when striving for achievement since these allow for better relationships between different people which can open up possibilities leading closer toward fulfilling ambitions--having others who are willing provide advice or constructive criticism where needed can create more efficient outcomes when working alongside other likeminded individuals who share similar objectives. Finally learning from both successes and failures rather than allowing them define us allows us move past our shortcomings in pursuit of greater achievements down whatever road we choose take head on!
",306
